item_type,2023 Revenue,2024 Revenue,2023 Units,2024 Units,2023 Transactions,2024 Transactions,Revenue Growth $,Revenue Growth %,Unit Growth %,2024 Share %,2023 Sales / Txn,2024 Sales / Txn,Sales / Txn Growth %
T-shirt,344612.57,355971.79,8616,8908,3430,3566,11359.219999999972,0.032962291538001454,0.03389043639740019,0.12833264146583698,100.47013702623907,99.82383342680875,-0.0064327930523429
Jersey,1041025.47,1046984.54,8673,8727,3486,3519,5959.070000000065,0.005724230743365144,0.006226219301279867,0.3774520772898725,298.6303700516351,297.5233134413186,-0.003707113278951235
Mug,176974.36,181289.89,8864,9052,3585,3659,4315.530000000028,0.024385057812894573,0.021209386281588527,0.0653574555858795,49.36523291492329,49.546294069417876,0.003667786897848302
Foam Finger,131669.29,132605.97,8789,8848,3518,3556,936.679999999993,0.007113883579078939,0.006712936625327126,0.04780624443369385,37.42731381466743,37.290767716535434,-0.0036483007786276556
Keychain,90104.13,89711.54,8979,9012,3610,3629,-392.59000000001106,-0.004357069981143047,0.0036752422318744316,0.03234222267491503,24.959592797783934,24.720732984293193,-0.009569860190665747
Hoodie,662928.82,659584.35,8844,8800,3490,3552,-3344.469999999972,-0.0050449911047765195,-0.00497512437810943,0.2377890728504838,189.95095128939826,185.69379222972972,-0.022411885967249412
Cap,313197.7,307673.03,8963,8780,3605,3519,-5524.669999999984,-0.01763956121005994,-0.020417271003012383,0.11092028569931822,86.8786962552011,87.43194941744815,0.006368110780828218
