store_zone,2023 Revenue,2024 Revenue,2023 Units,2024 Units,2023 Transactions,2024 Transactions,Revenue Growth $,Revenue Growth %,Unit Growth %,2024 Share %,2023 Sales / Txn,2024 Sales / Txn,Sales / Txn Growth %
Lower Concourse,542048.04,563860.39,12103,12288,4854,4996,21812.349999999977,0.04024062147701879,0.015285466413285986,0.2032792915041302,111.67038318912238,112.86236789431545,0.01067413463760003
Main Concourse,558567.91,565950.1,12345,12581,4971,5012,7382.189999999944,0.013216280183371065,0.019117051437829158,0.20403266020280594,112.36530074431704,112.91901436552274,0.004927799040610026
Upper Deck,550873.02,546913.4,12448,12380,4980,5035,-3959.6199999999953,-0.0071878996724145106,-0.005462724935732632,0.197169672560463,110.61707228915662,108.62232373386297,-0.018032917650173563
Outfield,552944.09,548535.6,12375,12360,4962,4994,-4408.489999999991,-0.007972759054174827,-0.00121212121212122,0.19775449758546254,111.43572954453849,109.83892671205446,-0.01432936131894591
Club Level,556079.28,548561.62,12457,12518,4957,4963,-7517.660000000033,-0.01351904354357536,0.004896845147306816,0.19776387814713833,112.18060923945936,110.53024783397139,-0.014711645949124108
