{
  "CLAUDE.md": 1776114238.5283954,
  "dashboard.md": 1776126011.0738316,
  "links.md": 1776119397.4662893,
  "career\\internships\\summer-2026-search.md": 1776125974.5858035,
  "career\\programs\\avf-prep.md": 1776125978.6946146,
  "career\\programs\\fellowships-tracker.md": 1776125976.6978083,
  "career\\resume\\resume-current.md": 1776126143.6301243,
  "inbox\\README.md": 1776113123.4206061,
  "projects\\clinicalhours\\pitch-deck.md": 1776126145.6366718,
  "projects\\clinicalhours\\platform-status.md": 1776125991.268315,
  "research\\fedvt\\introduction-v3.md": 1776125261.2560337,
  "research\\fedvt\\literature-index.md": 1776125220.8258998,
  "research\\fedvt\\paper-outline.md": 1776126147.7543366,
  "research\\fedvt\\research-tracker.md": 1776126000.3118763,
  "research\\fedvt\\working-paper.md": 1776126149.6961274,
  "sessions\\2026-04-13.md": 1776124659.7432516,
  "documents\\processed\\ClinicalHours Pitch (2).pdf": 1776119344.5220249,
  "documents\\processed\\Literature Summaries.pdf": 1776124729.5317066,
  "documents\\processed\\Paper Outline - Feedlot Economics and Management.docx (1) 1.pdf": 1776124761.8109045,
  "documents\\processed\\Paper Outline - Feedlot Economics and Management.docx (1).pdf": 1776116236.130034,
  "documents\\processed\\ShivamKanodiaResume (20).pdf": 1776113155.3825767
}